company_name,contact_name,email,industry,website
Narbonne,DGST (Serv. Techniques),dgst@mairie-narbonne.fr,Collectivité Territoriale / Mairie,
Carcassonne,Services Techniques,contact@mairie-carcassonne.fr,Collectivité Territoriale / Mairie,
Castelnaudary,Service Urbanisme,urbanisme@ville-castelnaudary.fr,Collectivité Territoriale / Mairie,
Limoux,Eric GISLE (Resp. Tech.),contact@limoux.fr,Collectivité Territoriale / Mairie,
Lézignan-Corbières,Services Techniques,contact@lezignan-corbieres.fr,Collectivité Territoriale / Mairie,
Port-la-Nouvelle,Services Techniques,contact@ville-portlanouvelle.fr,Collectivité Territoriale / Mairie,
Coursan,Services Techniques,contact@coursan.fr,Collectivité Territoriale / Mairie,
Sigean,Services Techniques,contact@sigean.fr,Collectivité Territoriale / Mairie,
Trèbes,Services Techniques,contact@mairie-trebes.fr,Collectivité Territoriale / Mairie,
Gruissan,Services Techniques,contact@mairie-gruissan.fr,Collectivité Territoriale / Mairie,
Cuxac-d'Aude,Services Techniques,mairie-cuxac@wanadoo.fr,Collectivité Territoriale / Mairie,
Leucate,Services Techniques,contact@leucate.fr,Collectivité Territoriale / Mairie,
Villemoustaussou,Services Techniques,contact@villemoustaussou.fr,Collectivité Territoriale / Mairie,
Fleury,Services Techniques,contact@fleury-aude.fr,Collectivité Territoriale / Mairie,
Bram,Services Techniques,contact@bram-aude.fr,Collectivité Territoriale / Mairie,
Quillan,Services Techniques,contact@quillan.fr,Collectivité Territoriale / Mairie,
Salles-d'Aude,Services Techniques,contact@salles-aude.fr,Collectivité Territoriale / Mairie,
Sallèles-d'Aude,Services Techniques,contact@salleles-aude.fr,Collectivité Territoriale / Mairie,
Vinassan,Services Techniques,contact@vinassan.fr,Collectivité Territoriale / Mairie,
Montredon-des-Corbières,Services Techniques,contact@montredon-corbiere.fr,Collectivité Territoriale / Mairie,
Armissan,Services Techniques,contact@armissan.fr,Collectivité Territoriale / Mairie,
Ouveillan,Services Techniques,contact@ouveillan.fr,Collectivité Territoriale / Mairie,
Pennautier,Services Techniques,contact@pennautier.fr,Collectivité Territoriale / Mairie,
Palaja,Services Techniques,contact@palaja.fr,Collectivité Territoriale / Mairie,
Alet-les-Bains,Services Techniques,contact@alet-les-bains.fr,Collectivité Territoriale / Mairie,
